{"cameraMode":{"drawMode":0,"name":"Shaded","section":"Shading Mode"},"sceneLighting":true,"audioPlay":false,"sceneViewState":{"showFog":false,"showMaterialUpdate":false,"showSkybox":false,"showFlares":false,"showImageEffects":false,"showParticleSystems":false},"in2DMode":false,"pivot":{"x":-3.351487874984741,"y":-0.23430919647216798,"z":-1.7142581939697266},"rotation":{"x":-0.2560158967971802,"y":0.0034724713768810035,"z":-0.0009213651646859944,"w":-0.9666736125946045},"size":21.98297691345215,"orthographic":false}