{"cameraMode":{"drawMode":0,"name":"Shaded","section":"Shading Mode"},"sceneLighting":true,"audioPlay":false,"sceneViewState":{"showFog":false,"showMaterialUpdate":false,"showSkybox":false,"showFlares":false,"showImageEffects":false,"showParticleSystems":false},"in2DMode":false,"pivot":{"x":-3.1577415466308595,"y":-2.8714942932128908,"z":9.856605529785157},"rotation":{"x":-0.1036694347858429,"y":0.8764436841011047,"z":-0.21810415387153626,"w":-0.4165842533111572},"size":52.88179397583008,"orthographic":false}